NEName,NeType,CollectTime,Interval,RegAtt,RegSucc,RegFail,InvAtt,InvSucc,InvFail,Rsp4xx,Rsp5xx,Rsp6xx,ActSess,SetupTime,CpuUsage,MemLoad,MsgRx,MsgTx,InvFail5xx,RegSuccRate
IMS-CSCF-A01,P_CSCF,20260608000000,5,1236,1223,13,765,748,17,24,5,1,2648,124.59,34.62,45.55,12196,11737,3,98.95
IMS-CSCF-A01,P_CSCF,20260608000500,5,1173,1158,15,726,704,22,28,7,2,2514,134.18,30.97,45.57,12107,10828,4,98.72
IMS-CSCF-A01,P_CSCF,20260608001000,5,1263,1250,13,782,762,20,26,6,1,2707,124.07,33.1,44.76,12651,11513,4,98.97
IMS-CSCF-A01,P_CSCF,20260608001500,5,1249,1242,7,773,756,17,18,5,1,2678,135.83,34.74,45.96,12415,11640,4,99.44
IMS-CSCF-A01,P_CSCF,20260608002000,5,1236,1211,25,765,746,19,36,7,1,2649,139.62,31.05,43.05,12485,11528,3,97.98
IMS-CSCF-A01,P_CSCF,20260608002500,5,1292,1260,32,800,786,14,37,8,1,2770,134.85,37.55,42.73,12645,12187,2,97.52
IMS-CSCF-A01,P_CSCF,20260608003000,5,1273,1242,31,788,770,18,,9,1,2728,127.24,32.73,42.26,12880,11598,3,97.56
IMS-CSCF-A01,P_CSCF,20260608003500,5,1280,1255,25,792,785,7,25,6,1,2744,135.39,33.49,44.88,12746,11908,1,98.05
IMS-CSCF-A01,P_CSCF,20260608004000,5,1265,1246,19,783,765,18,28,7,2,2710,139.34,31.46,42.69,12563,12131,3,98.5
IMS-CSCF-A01,P_CSCF,20260608004500,5,1324,1292,32,820,808,12,33,8,3,2838,129.59,37.28,44.14,13310,12718,2,97.58
IMS-CSCF-A01,P_CSCF,20260608005000,5,1292,1282,10,800,779,21,24,5,2,2769,134.63,34.3,44.9,12740,12393,3,99.23
IMS-CSCF-A01,P_CSCF,20260608005500,5,0,0,0,0,0,0,0,0,0,0,0,0,0,0,0,0,0
IMS-CSCF-A01,P_CSCF,20260608010000,5,1259,1239,20,779,773,6,20,5,1,2698,131.3,33.69,42.83,12993,12047,1,98.41
IMS-CSCF-A01,P_CSCF,20260608010500,5,1227,1204,23,759,737,22,35,8,2,2629,132.49,32.47,43.91,12063,11712,4,98.13
IMS-CSCF-A01,P_CSCF,20260608011000,5,1276,1247,29,790,779,11,31,7,2,2734,127.24,34.94,43.74,12677,12269,2,97.73
IMS-CSCF-A01,P_CSCF,20260608011500,5,1223,1199,24,757,748,9,26,6,1,2621,139.36,33.83,39.92,12048,11467,2,98.04
IMS-CSCF-A01,P_CSCF,20260608012000,5,1324,1302,22,820,808,12,26,6,2,2839,133.24,34.89,44.56,13248,12502,2,98.34
IMS-CSCF-A01,P_CSCF,20260608012500,5,1265,1247,18,783,767,16,25,7,2,2711,126.61,33.64,45.03,12627,12089,3,98.58
IMS-CSCF-A01,P_CSCF,20260608013000,5,1300,1265,35,805,794,11,35,9,2,2787,122.18,29.21,43.42,12957,12405,2,97.31
IMS-CSCF-A01,P_CSCF,20260608013500,5,1281,1259,22,793,772,21,33,8,2,2747,114.99,33.59,40.62,12742,11857,4,98.28
IMS-CSCF-A01,P_CSCF,20260608014000,5,1200,1174,26,742,733,9,28,6,1,2571,135.79,29.69,44.22,11975,11567,2,97.83
IMS-CSCF-A01,P_CSCF,20260608014500,5,1259,1224,35,779,759,20,42,10,3,2699,124.75,35.79,43.58,12970,12105,4,97.22
IMS-CSCF-A01,P_CSCF,20260608015000,5,1213,1188,25,751,737,14,30,7,2,2600,139.29,32.04,43.29,12411,11433,3,97.94
IMS-CSCF-A01,P_CSCF,20260608015500,5,1241,1213,28,768,764,4,25,6,1,2659,132.01,31.34,42.33,12287,12001,1,97.74
IMS-CSCF-A01,P_CSCF,20260608020000,5,1258,1223,35,779,772,7,33,8,1,2696,131.06,32.16,45.78,13013,11689,1,97.22
IMS-CSCF-A01,P_CSCF,20260608020500,5,1219,1184,35,754,749,5,30,8,2,2613,139.75,33.62,45.88,12461,11291,1,97.13
IMS-CSCF-A01,P_CSCF,20260608021000,5,1191,1160,31,737,722,15,35,8,3,2554,126.16,31.72,46.28,11595,11283,3,97.4
IMS-CSCF-A01,P_CSCF,20260608021500,5,1300,1274,26,805,787,18,35,7,2,2787,131.96,32.91,46.7,12824,12019,3,98.0
IMS-CSCF-A01,P_CSCF,20260608022000,5,1265,1249,16,783,771,12,22,5,1,2711,149.95,33.93,44.54,12571,12145,2,98.74
IMS-CSCF-A01,P_CSCF,20260608022500,5,1315,1308,7,814,797,17,19,4,1,2818,127.44,35.65,46.42,13358,12129,3,99.47
IMS-CSCF-A01,P_CSCF,20260608023000,5,1254,1239,15,776,760,16,24,5,2,2687,133.03,34.48,44.02,12737,11569,3,98.8
IMS-CSCF-A01,P_CSCF,20260608023500,5,1250,1213,37,773,757,16,42,9,2,2679,126.67,30.83,41.68,12625,12081,3,97.04
IMS-CSCF-A01,P_CSCF,20260608024000,5,1234,1215,19,764,750,14,27,5,1,2645,133.29,32.39,45.41,12469,11522,2,98.46
IMS-CSCF-A01,P_CSCF,20260608024000,5,1234,1215,19,764,750,14,27,5,1,2645,133.29,32.39,45.41,12469,11522,2,98.46
IMS-CSCF-A01,P_CSCF,20260608024500,5,1240,1208,32,768,748,20,41,8,3,2658,131.89,33.51,43.77,12785,11317,3,97.42
IMS-CSCF-A01,P_CSCF,20260608025000,5,1246,1210,36,771,758,13,39,9,1,2670,133.48,34.05,43.0,12542,12042,2,97.11
IMS-CSCF-A01,P_CSCF,20260608025500,5,1241,1217,24,768,757,11,28,6,1,2660,129.92,29.66,45.83,12564,11556,2,98.07
IMS-CSCF-A01,P_CSCF,20260608030000,5,1274,1246,28,788,777,11,30,8,1,2730,121.88,33.5,44.84,12996,11590,2,97.8
IMS-CSCF-A01,P_CSCF,20260608030500,5,1283,1267,16,794,778,16,24,6,2,2750,138.4,33.05,43.4,12705,12066,3,98.75
IMS-CSCF-A01,P_CSCF,20260608031000,5,1253,1247,6,776,771,5,8,2,1,2686,140.26,35.6,45.69,12367,11412,1,99.52
IMS-CSCF-A01,P_CSCF,20260608031500,5,1219,1200,19,754,747,7,21,4,1,2612,137.89,35.17,45.85,11853,11655,1,98.44
IMS-CSCF-A01,P_CSCF,20260608032000,5,1302,1280,22,806,787,19,33,7,1,2791,142.29,33.95,46.13,12981,12512,3,98.31
IMS-CSCF-A01,P_CSCF,20260608032500,5,1282,1248,34,794,775,19,40,10,3,2748,134.95,35.18,46.24,12505,12080,4,97.35
IMS-CSCF-A01,P_CSCF,20260608033000,5,1240,1222,18,768,755,13,24,6,1,2658,134.02,36.04,45.04,12291,11916,3,98.55
IMS-CSCF-A01,P_CSCF,20260608033500,5,1242,1214,28,769,749,20,37,9,2,2662,126.88,32.47,45.9,12594,11668,4,97.75
IMS-CSCF-A01,P_CSCF,20260608034000,5,1224,1209,15,757,740,17,25,6,1,2623,133.21,30.68,43.32,12143,11263,3,98.77
IMS-CSCF-A01,P_CSCF,20260608034500,5,1279,1267,12,791,771,20,24,6,2,2740,136.25,35.5,46.13,12753,11616,4,99.06
IMS-CSCF-A01,P_CSCF,20260608035000,5,1247,1224,23,771,763,8,24,6,1,2672,130.22,31.7,41.85,12536,11728,2,98.16
IMS-CSCF-A01,P_CSCF,20260608035500,5,1248,1218,30,772,757,15,37,7,1,2675,127.49,34.3,44.58,12444,12086,2,97.6
IMS-CSCF-A01,P_CSCF,20260608040000,5,1269,1256,13,786,764,22,27,6,2,2721,138.51,31.02,44.32,12674,11657,4,98.98
IMS-CSCF-A01,P_CSCF,20260608040500,5,1214,1185,29,752,737,15,36,7,1,2603,127.87,29.66,45.45,12183,11039,2,97.61
IMS-CSCF-A01,P_CSCF,20260608041000,5,1180,1171,9,730,716,14,18,4,1,2530,137.44,33.67,45.77,11693,10985,2,99.24
IMS-CSCF-A01,P_CSCF,20260608041500,5,1277,1270,7,790,779,11,14,3,1,2736,123.98,36.3,45.38,12899,12361,2,99.45
IMS-CSCF-A01,P_CSCF,20260608042000,5,1274,1258,16,788,776,12,21,5,2,2730,131.26,35.7,40.54,12799,11971,2,98.74
IMS-CSCF-A01,P_CSCF,20260608042500,5,1289,1259,30,798,791,7,28,7,2,2762,132.29,34.09,45.91,12780,12223,1,97.67
IMS-CSCF-A01,P_CSCF,20260608043000,5,1309,1297,12,810,787,23,27,7,1,2805,130.97,32.34,46.61,12994,12532,5,99.08
IMS-CSCF-A01,P_CSCF,20260608043500,5,1276,1246,30,790,771,19,39,9,1,2735,137.9,32.11,41.98,12770,12063,3,97.65
IMS-CSCF-A01,P_CSCF,20260608044000,5,1358,1338,20,841,820,21,32,7,2,2912,136.15,36.06,46.28,13711,12928,4,98.53
IMS-CSCF-A01,P_CSCF,20260608044500,5,1311,1284,27,811,798,13,31,7,2,2809,135.62,32.23,47.71,13418,12589,2,97.94
IMS-CSCF-A01,P_CSCF,20260608045000,5,1347,1327,20,833,810,23,34,8,1,2886,132.56,35.29,46.12,13727,12656,4,98.52
IMS-CSCF-A01,P_CSCF,20260608045500,5,1270,1250,20,786,763,23,35,7,1,2721,134.91,33.1,44.65,12868,11570,4,98.43
IMS-CSCF-A01,P_CSCF,20260608050000,5,1297,1261,36,803,784,19,41,11,3,2779,127.86,31.38,45.16,12749,12099,4,97.22
IMS-CSCF-A01,P_CSCF,20260608050500,5,1396,1383,13,864,844,20,26,5,2,2993,130.37,34.13,46.91,14295,13110,3,99.07
IMS-CSCF-A01,P_CSCF,20260608051000,5,1334,1325,9,826,803,23,25,5,2,2860,130.13,34.57,44.69,13545,12164,4,99.33
IMS-CSCF-A01,P_CSCF,20260608051500,5,1391,1350,41,861,846,15,45,9,2,2982,134.43,35.87,45.67,14164,12939,2,97.05
IMS-CSCF-A01,P_CSCF,20260608052000,5,1352,1336,16,837,815,22,29,7,2,2898,134.55,37.95,43.08,13824,12567,4,98.82
IMS-CSCF-A01,P_CSCF,20260608052500,5,1442,1433,9,893,873,20,22,6,1,3091,134.63,33.72,46.55,14049,13679,4,99.38
IMS-CSCF-A01,P_CSCF,20260608053000,5,1324,1288,36,819,806,13,39,8,2,2837,120.72,35.64,48.09,13352,12091,2,97.28
IMS-CSCF-A01,P_CSCF,20260608053500,5,1323,1294,29,819,804,15,35,8,1,2836,126.91,37.2,46.18,13507,12471,3,97.81
IMS-CSCF-A01,P_CSCF,20260608054000,5,1577,1563,14,976,954,22,29,6,1,3381,141.9,39.05,46.34,15628,14900,4,99.11
IMS-CSCF-A01,P_CSCF,20260608054500,5,1445,1419,26,894,868,26,41,10,1,3096,135.54,34.89,45.68,14281,13433,5,98.2
IMS-CSCF-A01,P_CSCF,20260608055000,5,1449,1428,21,897,886,11,25,6,1,3106,117.88,36.36,44.14,14207,13616,2,98.55
IMS-CSCF-A01,P_CSCF,20260608055500,5,1463,1454,9,905,889,16,20,4,1,3136,128.43,36.23,46.07,14774,13401,3,99.38
IMS-CSCF-A01,P_CSCF,20260608060000,5,1461,1453,8,904,898,6,12,2,0,3132,126.61,36.53,46.24,15077,13915,1,99.45
IMS-CSCF-A01,P_CSCF,20260608060500,5,1535,1522,13,950,944,6,15,3,1,3290,135.5,37.82,43.9,15681,14623,1,99.15
IMS-CSCF-A01,P_CSCF,20260608061000,5,1450,1413,37,898,875,23,46,11,3,3108,130.46,37.32,43.05,14935,13488,4,97.45
IMS-CSCF-A01,P_CSCF,20260608061500,5,1517,1494,23,939,920,19,33,8,1,3252,132.84,36.89,47.87,15389,14728,4,98.48
IMS-CSCF-A01,P_CSCF,20260608062000,5,1529,1486,43,946,924,22,52,11,2,3278,130.81,38.53,46.33,15329,14060,4,97.19
IMS-CSCF-A01,P_CSCF,20260608062500,5,1563,1546,17,967,956,11,22,5,1,3350,139.69,37.8,44.66,15409,14724,2,98.91
IMS-CSCF-A01,P_CSCF,20260608062500,5,1563,1546,17,967,956,11,22,5,1,3350,139.69,37.8,44.66,15409,14724,2,98.91
IMS-CSCF-A01,P_CSCF,20260608063000,5,1590,1554,36,984,978,6,33,7,2,3407,,35.46,46.81,16112,15286,1,97.74
IMS-CSCF-A01,P_CSCF,20260608063500,5,1668,1638,30,1032,1025,7,28,7,2,3575,135.6,39.74,48.96,17056,16192,1,98.2
IMS-CSCF-A01,P_CSCF,20260608064000,5,1703,1687,16,1054,1042,12,22,5,1,3651,130.35,41.96,47.61,17570,15468,2,99.06
IMS-CSCF-A01,P_CSCF,20260608064500,5,1662,1616,46,1029,1002,27,58,12,3,3562,122.17,37.78,44.7,16672,15444,4,97.23
IMS-CSCF-A01,P_CSCF,20260608065000,5,1716,1699,17,1062,1037,25,32,8,2,3678,145.63,41.61,46.21,16936,15781,5,99.01
IMS-CSCF-A01,P_CSCF,20260608065500,5,1801,1765,36,1115,1085,30,51,12,3,3860,124.22,42.42,47.48,17567,17143,5,98.0
IMS-CSCF-A01,P_CSCF,20260608070000,5,1825,1799,26,1130,1116,14,31,7,2,3911,145.06,38.11,49.89,17981,17086,2,98.58
IMS-CSCF-A01,P_CSCF,20260608070500,5,1811,1795,16,1121,1092,29,36,8,1,3882,134.26,44.68,50.35,17755,16729,5,99.12
IMS-CSCF-A01,P_CSCF,20260608071000,5,1803,1753,50,1116,1084,32,64,15,3,3865,131.36,41.18,49.13,17885,16741,6,97.23
IMS-CSCF-A01,P_CSCF,20260608071500,5,1907,1854,,1180,1157,23,59,15,2,4087,140.62,40.0,47.84,19106,17846,5,97.22
IMS-CSCF-A01,P_CSCF,20260608072000,5,1932,1900,32,1196,1185,11,35,7,1,4140,139.07,41.67,49.02,18790,18234,2,98.34
IMS-CSCF-A01,P_CSCF,20260608072500,5,1999,1972,27,1237,1201,36,48,12,3,4283,148.19,43.9,52.98,19740,18429,7,98.65
IMS-CSCF-A01,P_CSCF,20260608073000,5,2047,1997,50,1267,1229,38,68,17,3,4386,127.95,44.89,46.78,19961,19145,7,97.56
IMS-CSCF-A01,P_CSCF,20260608073500,5,2062,2033,29,1276,1265,11,32,7,1,4419,135.93,43.69,50.57,21096,18991,2,98.59
IMS-CSCF-A01,P_CSCF,20260608074000,5,2149,2095,54,1330,1318,12,53,11,2,4605,144.69,43.88,49.91,21345,20594,2,97.49
IMS-CSCF-A01,P_CSCF,20260608074500,5,2111,2062,49,1307,1268,39,69,17,2,4524,132.82,42.88,49.52,21229,19662,8,97.68
IMS-CSCF-A01,P_CSCF,20260608075000,5,2208,2191,17,1366,1340,26,34,7,2,4731,137.32,45.37,50.34,21445,21207,4,99.23
IMS-CSCF-A01,P_CSCF,20260608075500,5,2356,2309,47,1458,1444,14,46,12,3,5048,137.8,50.29,48.84,23192,22464,3,98.01
IMS-CSCF-A01,P_CSCF,20260608080000,5,2092,2057,35,1295,1270,25,47,12,1,4483,140.09,40.02,49.81,21466,20088,5,98.33
IMS-CSCF-A01,P_CSCF,20260608080500,5,2318,2264,54,1435,1423,12,51,12,3,4968,144.06,45.41,52.49,23933,21094,2,97.67
IMS-CSCF-A01,P_CSCF,20260608081000,5,2325,2283,42,1439,1429,10,40,10,2,4983,146.25,48.45,50.38,22862,21272,2,98.19
IMS-CSCF-A01,P_CSCF,20260608081500,5,2435,2420,15,1507,1486,21,29,6,1,5217,147.2,51.84,53.01,24268,22146,4,99.38
IMS-CSCF-A01,P_CSCF,20260608082000,5,2519,2504,15,1559,1516,43,45,11,2,5399,151.33,50.21,51.94,25886,23530,8,99.4
IMS-CSCF-A01,P_CSCF,20260608082500,5,2420,2407,13,1498,1468,30,35,7,1,5187,134.58,49.82,51.14,24657,22812,5,99.46
IMS-CSCF-A01,P_CSCF,20260608083000,5,2544,2502,42,1575,1566,9,39,10,2,5453,138.89,46.86,49.39,25867,24322,2,98.35
IMS-CSCF-A01,P_CSCF,20260608083500,5,2686,2639,47,1662,1619,43,67,18,5,5756,144.25,49.9,50.4,26837,24671,9,98.25
IMS-CSCF-A01,P_CSCF,20260608084000,5,2600,2533,67,1609,1569,40,82,21,4,5571,154.25,51.11,53.35,26487,24954,8,97.42
IMS-CSCF-A01,P_CSCF,20260608084500,5,2579,2565,14,1597,1551,46,44,12,4,5528,151.85,51.81,48.13,26550,23395,9,99.46
IMS-CSCF-A01,P_CSCF,20260608085000,5,2726,2687,39,1687,1670,17,44,10,2,5841,145.41,53.94,51.57,28111,25015,3,98.57
IMS-CSCF-A01,P_CSCF,20260608085500,5,2617,2588,29,1620,1586,34,48,12,3,5609,135.38,50.05,52.48,26657,25379,6,98.89
IMS-CSCF-A01,P_CSCF,20260608090000,5,2885,2835,50,1786,1764,22,58,12,2,6184,147.9,51.9,50.16,29155,26512,4,98.27
IMS-CSCF-A01,P_CSCF,20260608090500,5,2527,2500,27,1564,1522,42,56,11,2,5415,146.54,49.06,52.58,24897,23230,7,98.93
IMS-CSCF-A01,P_CSCF,20260608091000,5,2972,2949,23,1840,1826,14,30,6,1,6369,147.07,57.48,54.35,29307,28066,2,99.23
IMS-CSCF-A01,P_CSCF,20260608091500,5,2896,2856,40,1793,1770,23,48,12,3,6206,148.91,56.09,53.98,28234,27311,4,98.62
IMS-CSCF-A01,P_CSCF,20260608092000,5,2897,2880,17,1793,1756,37,41,10,3,6209,154.43,52.49,49.94,28731,26467,7,99.41
IMS-CSCF-A01,P_CSCF,20260608092500,5,2990,2923,67,1851,1835,16,63,16,4,6407,147.89,54.85,50.6,30873,28590,3,97.76
IMS-CSCF-A01,P_CSCF,20260608093000,5,3105,3073,32,1922,1890,32,50,13,1,6654,143.74,56.97,55.7,31135,28957,6,98.97
IMS-CSCF-A01,P_CSCF,20260608093500,5,2961,2931,30,1833,1781,52,65,14,3,6345,156.83,55.11,54.32,29417,28648,9,98.99
IMS-CSCF-A01,P_CSCF,20260608094000,5,3114,3037,77,1927,1870,57,103,24,7,6672,151.71,57.96,56.32,31349,29442,10,97.53
IMS-CSCF-A01,P_CSCF,20260608094500,5,3187,3097,90,1973,1925,48,111,24,3,6830,150.11,53.92,55.27,31370,30894,8,97.18
IMS-CSCF-A01,P_CSCF,20260608095000,5,3189,3101,88,1974,1918,56,112,25,7,6833,146.82,62.07,53.49,31082,30923,10,97.24
IMS-CSCF-A01,P_CSCF,20260608095500,5,0,0,0,0,0,0,0,0,0,0,0,0,0,0,0,0,0
IMS-CSCF-A01,P_CSCF,20260608100000,5,3159,3139,20,1955,1897,58,60,15,3,6769,141.58,57.26,52.07,31360,29726,11,99.37
IMS-CSCF-A01,P_CSCF,20260608100500,5,3357,3329,28,2078,2036,42,56,13,1,7195,151.58,58.0,54.39,33229,32008,8,99.17
IMS-CSCF-A01,P_CSCF,20260608101000,5,3283,3261,22,2032,1972,60,61,16,5,7036,156.91,59.56,54.95,33534,31155,12,99.33
IMS-CSCF-A01,P_CSCF,20260608101500,5,3364,3335,29,2082,2059,23,40,9,3,7209,153.88,63.76,54.41,33621,31478,4,99.14
IMS-CSCF-A01,P_CSCF,20260608102000,5,3332,3259,73,2062,2048,14,67,15,5,7141,151.78,59.74,54.3,32806,30428,2,97.81
IMS-CSCF-A01,P_CSCF,20260608102500,5,3442,3395,47,2130,2082,48,75,18,2,7376,172.01,59.44,57.78,33984,31339,9,98.63
IMS-CSCF-A01,P_CSCF,20260608103000,5,3218,3200,18,1992,1941,51,55,12,2,6896,150.85,61.74,53.97,32784,30591,9,99.44
IMS-CSCF-A01,P_CSCF,20260608103500,5,3409,3325,84,2110,2070,40,99,22,3,7306,146.37,62.16,54.34,33789,31501,7,97.54
IMS-CSCF-A01,P_CSCF,20260608104000,5,3253,3208,45,2013,1960,53,76,17,5,6970,148.76,58.64,54.38,32562,30908,9,98.62
IMS-CSCF-A01,P_CSCF,20260608104500,5,3279,3222,57,2030,2006,24,64,15,2,7027,137.5,57.98,55.74,32245,31551,4,98.26
IMS-CSCF-A01,P_CSCF,20260608105000,5,3396,3334,62,2102,2045,57,93,23,3,7277,149.92,58.08,56.45,33082,32510,11,98.17
IMS-CSCF-A01,P_CSCF,20260608105500,5,3243,3155,88,2007,1948,59,119,24,4,6949,144.96,57.62,53.51,33155,30454,10,97.29
IMS-CSCF-A01,P_CSCF,20260608110000,5,3251,3155,96,2012,1956,56,121,27,4,6966,153.61,56.73,54.96,32968,30142,10,97.05
IMS-CSCF-A01,P_CSCF,20260608110500,5,3370,3335,35,2086,2027,59,75,16,3,7222,146.34,57.47,54.8,34596,31054,10,98.96
IMS-CSCF-A01,P_CSCF,20260608111000,5,3287,3234,53,2035,1975,60,88,22,3,7044,155.59,58.3,55.56,33114,31911,12,98.39
IMS-CSCF-A01,P_CSCF,20260608111500,5,3435,3393,42,2126,2085,41,63,15,5,7361,141.81,58.8,54.41,34649,31271,7,98.78
IMS-CSCF-A01,P_CSCF,20260608112000,5,3517,3424,93,2177,2127,50,110,26,7,7538,151.85,59.07,57.35,35994,33625,9,97.36
IMS-CSCF-A01,P_CSCF,20260608112500,5,3477,3403,74,2152,2107,45,95,21,3,7451,153.65,62.24,57.61,35704,32862,8,97.87
IMS-CSCF-A01,P_CSCF,20260608113000,5,3391,3356,35,2099,2068,31,50,13,3,7267,150.08,60.27,56.82,33206,32825,6,98.97
IMS-CSCF-A01,P_CSCF,20260608113500,5,3491,3462,29,2161,2110,51,60,15,5,7481,156.73,61.84,56.52,36049,32227,10,99.17
IMS-CSCF-A01,P_CSCF,20260608114000,5,3160,3114,46,1956,1925,31,62,13,2,6772,158.97,56.25,56.16,32525,29412,5,98.54
IMS-CSCF-A01,P_CSCF,20260608114500,5,3338,3302,36,2066,2034,32,54,11,3,7153,152.23,59.31,56.23,32761,31664,5,98.92
IMS-CSCF-A01,P_CSCF,20260608115000,5,3320,3242,78,2055,2035,20,73,19,6,7115,145.71,56.27,55.85,33830,30577,4,97.65
IMS-CSCF-A01,P_CSCF,20260608115500,5,3175,3134,41,1965,1950,15,43,10,3,6804,148.45,60.68,55.89,31382,29299,3,98.71
IMS-CSCF-A01,P_CSCF,20260608120000,5,3237,3151,86,2004,1951,53,109,26,4,6937,148.18,58.77,53.76,32568,30442,10,97.34
IMS-CSCF-A01,P_CSCF,20260608120500,5,3202,3130,72,1982,1939,43,91,21,3,6863,146.5,56.88,54.52,31477,30703,8,97.75
IMS-CSCF-A01,P_CSCF,20260608121000,5,3022,2953,69,1870,1829,41,87,19,4,6476,151.39,50.3,51.45,31069,28908,7,97.72
IMS-CSCF-A01,P_CSCF,20260608121500,5,3205,3143,62,1984,1939,45,82,19,6,6868,152.58,58.96,54.7,31595,29590,8,98.07
IMS-CSCF-A01,P_CSCF,20260608122000,5,3218,3188,30,1992,1942,50,64,14,2,6897,149.63,57.96,54.49,32425,30369,9,99.07
IMS-CSCF-A01,P_CSCF,20260608122500,5,2974,2934,40,1841,1816,25,51,11,3,6373,145.97,55.91,55.51,29974,27165,4,98.66
IMS-CSCF-A01,P_CSCF,20260608123000,5,2941,2908,33,1820,1794,26,46,11,2,6303,149.31,52.94,51.77,30267,26994,5,98.88
IMS-CSCF-A01,P_CSCF,20260608123500,5,3015,2974,41,1866,1838,28,55,12,2,6461,150.74,53.19,50.79,30422,28613,5,98.64
IMS-CSCF-A01,P_CSCF,20260608124000,5,2833,2760,73,1753,1741,12,65,15,5,6070,156.23,53.73,51.05,29146,25972,2,97.42
IMS-CSCF-A01,P_CSCF,20260608124500,5,2956,2919,37,1830,1803,27,50,11,3,6336,138.6,56.16,51.88,29655,28136,5,98.75
IMS-CSCF-A01,P_CSCF,20260608125000,5,2998,2923,75,1856,1837,19,73,18,3,6425,154.64,57.09,53.22,29716,28512,4,97.5
IMS-CSCF-A01,P_CSCF,20260608125500,5,2932,2897,35,1815,1770,45,61,16,3,6284,132.15,56.12,51.01,28730,26954,9,98.81
IMS-CSCF-A01,P_CSCF,20260608130000,5,2813,2798,15,1741,1731,10,20,4,1,6029,136.42,53.58,53.09,27983,26150,2,99.47
IMS-CSCF-A01,P_CSCF,20260608130000,5,2813,2798,15,1741,1731,10,20,4,1,6029,136.42,53.58,53.09,27983,26150,2,99.47
IMS-CSCF-A01,P_CSCF,20260608130500,5,2939,2864,75,1819,1795,24,81,16,2,6298,156.77,54.12,51.93,30449,27934,4,97.45
IMS-CSCF-A01,P_CSCF,20260608131000,5,2838,2757,81,1757,1720,37,89,23,6,6082,148.86,51.18,54.08,29100,26303,7,97.15
IMS-CSCF-A01,P_CSCF,20260608131500,5,2838,2781,57,1757,1745,12,55,12,2,6083,147.28,52.8,54.24,28130,27174,2,97.99
IMS-CSCF-A01,P_CSCF,20260608132000,5,2771,2724,47,1715,1685,30,62,13,2,5939,150.49,49.92,51.15,27576,26221,5,98.3
IMS-CSCF-A01,P_CSCF,20260608132500,5,2907,2861,46,1799,1753,46,73,17,2,6229,146.17,53.74,54.19,29738,27292,8,98.42
IMS-CSCF-A01,P_CSCF,20260608133000,5,2837,2801,36,1756,1724,32,52,13,3,6081,150.52,50.6,54.45,28370,27187,6,98.73
IMS-CSCF-A01,P_CSCF,20260608133500,5,2824,2758,66,1748,1706,42,82,21,5,6052,144.98,52.81,55.72,29035,26780,8,97.66
IMS-CSCF-A01,P_CSCF,20260608133500,5,2824,2758,66,1748,1706,42,82,21,5,6052,144.98,52.81,55.72,29035,26780,8,97.66
IMS-CSCF-A01,P_CSCF,20260608134000,5,2834,2776,58,1754,1703,51,86,19,4,6072,141.92,53.39,51.82,28565,26218,9,97.95
IMS-CSCF-A01,P_CSCF,20260608134500,5,2730,2705,25,1690,1656,34,47,10,2,5851,151.62,53.36,51.44,28168,25635,6,99.08
IMS-CSCF-A01,P_CSCF,20260608135000,5,2673,2599,74,1655,1629,26,81,16,3,5729,154.66,48.64,52.92,27069,25738,4,97.23
IMS-CSCF-A01,P_CSCF,20260608135500,5,2744,2714,30,1698,1682,16,36,8,2,5880,153.93,49.97,53.47,27006,24940,3,98.91
IMS-CSCF-A01,P_CSCF,20260608140000,5,2616,2574,42,1619,1579,40,64,14,4,5605,146.26,48.16,50.88,26590,23788,7,98.39
IMS-CSCF-A01,P_CSCF,20260608140500,5,2644,2593,51,1637,1623,14,52,11,2,5667,150.93,52.53,52.78,26916,24945,2,98.07
IMS-CSCF-A01,P_CSCF,20260608141000,5,2653,2580,73,1642,1600,42,91,19,5,5685,151.27,50.21,49.4,26026,25204,7,97.25
IMS-CSCF-A01,P_CSCF,20260608141500,5,2563,2520,43,1586,1572,14,44,11,2,5492,139.09,47.89,51.87,25323,24040,3,98.32
IMS-CSCF-A01,P_CSCF,20260608142000,5,2655,2598,57,1643,1601,42,75,18,6,5689,142.87,47.71,54.42,26815,24444,8,97.85
IMS-CSCF-A01,P_CSCF,20260608142500,5,2632,2590,42,1629,1614,15,46,9,2,5641,148.19,52.55,52.07,26742,24296,2,98.4
IMS-CSCF-A01,P_CSCF,20260608143000,5,2583,2521,62,1599,1567,32,71,18,5,5536,144.11,50.98,52.98,25313,24529,6,97.6
IMS-CSCF-A01,P_CSCF,20260608143500,5,2654,2585,69,1643,1628,15,66,15,3,5687,138.37,52.51,54.52,26546,24277,3,97.4
IMS-CSCF-A01,P_CSCF,20260608144000,5,2469,2413,56,1528,1490,38,73,16,5,5291,144.15,47.1,50.63,25558,23870,6,97.73
IMS-CSCF-A01,P_CSCF,20260608144500,5,2727,2699,28,1688,1643,45,58,13,2,5844,154.01,49.6,53.88,27021,25283,8,98.97
IMS-CSCF-A01,P_CSCF,20260608145000,5,2727,2666,61,1688,1638,50,86,21,4,5845,140.06,52.21,52.0,27521,26115,9,97.76
IMS-CSCF-A01,P_CSCF,20260608145500,5,2642,2600,42,1635,1602,33,60,12,3,5661,141.34,48.55,53.87,26890,25039,5,98.41
IMS-CSCF-A01,P_CSCF,20260608150000,5,2582,2542,40,1598,1561,37,58,15,4,5534,130.66,50.79,51.18,25870,24287,7,98.45
IMS-CSCF-A01,P_CSCF,20260608150500,5,2488,2424,64,1540,1513,27,73,15,3,5332,148.73,48.8,48.26,24944,22618,4,97.43
IMS-CSCF-A01,P_CSCF,20260608151000,5,2460,2414,46,1523,1498,25,54,13,4,5273,142.04,47.03,49.8,24119,22985,5,98.13
IMS-CSCF-A01,P_CSCF,20260608151500,5,2490,2458,32,1541,1517,24,43,10,3,5335,146.4,49.61,51.84,24298,23433,4,98.71
IMS-CSCF-A01,P_CSCF,20260608152000,5,2700,2684,16,1671,1651,20,28,7,1,5786,145.54,48.88,52.89,26571,25008,4,99.41
IMS-CSCF-A01,P_CSCF,20260608152500,5,2598,2565,33,1608,1579,29,49,11,2,5567,137.08,48.59,50.44,25243,24603,5,98.73
IMS-CSCF-A01,P_CSCF,20260608153000,5,2652,2621,31,1641,1614,27,44,11,3,5683,148.73,50.28,53.62,26910
IMS-CSCF-A01,P_CSCF,20260608153500,5,2660,2601,59,1646,1637,9,54,12,2,5700,149.26,48.27,53.24,26468,25351,2,97.78
IMS-CSCF-A01,P_CSCF,20260608154000,5,2806,2725,81,1737,1698,39,90,24,6,6013,157.32,51.39,51.17,27547,26586,8,97.11
IMS-CSCF-A01,P_CSCF,20260608154500,5,2767,2750,17,1712,1679,33,38,10,2,5929,141.45,52.07,50.5,26877,25794,7,99.39
IMS-CSCF-A01,P_CSCF,20260608155000,5,2752,2677,75,1703,1655,48,98,22,3,5898,141.97,55.0,54.04,28337,25435,9,97.27
IMS-CSCF-A01,P_CSCF,20260608155500,5,2780,2752,28,1721,1708,13,33,7,1,5957,153.17,55.65,51.73,27164,26383,2,98.99
IMS-CSCF-A01,P_CSCF,20260608160000,5,2827,2775,52,1750,1734,16,53,12,3,6059,150.85,52.61,51.52,29024,26721,3,98.16
IMS-CSCF-A01,P_CSCF,20260608160500,5,2810,2735,75,1740,1726,14,69,17,3,6023,158.19,53.49,51.76,28668,26958,3,97.33
IMS-CSCF-A01,P_CSCF,20260608161000,5,2864,2816,48,1773,1762,11,47,10,2,6137,146.51,54.07,54.89,29194,27445,2,98.32
IMS-CSCF-A01,P_CSCF,20260608161500,5,2761,2681,80,1709,1664,45,94,24,7,5918,145.35,53.86,51.99,27362,26810,9,97.1
IMS-CSCF-A01,P_CSCF,20260608162000,5,2759,2703,56,1708,1680,28,65,15,4,5913,141.73,55.54,53.89,28182,25313,5,97.97
IMS-CSCF-A01,P_CSCF,20260608162500,5,2995,2943,52,1854,1836,18,54,12,4,6418,145.67,54.64,55.84,29318,27750,3,98.26
IMS-CSCF-A01,P_CSCF,20260608163000,5,3039,3022,17,1881,1861,20,29,6,2,6513,151.32,54.2,54.85,30663,28425,3,99.44
IMS-CSCF-A01,P_CSCF,20260608163000,5,3039,3022,17,1881,1861,20,29,6,2,6513,151.32,54.2,54.85,30663,28425,3,99.44
IMS-CSCF-A01,P_CSCF,20260608163500,5,2973,2952,21,1840,1816,24,36,8,1,6371,154.94,55.92,54.79,30219,28678,4,99.29
IMS-CSCF-A01,P_CSCF,20260608164000,5,2784,2710,74,1723,1705,18,70,17,5,5967,136.89,53.67,56.67,28796,26718,3,97.34
IMS-CSCF-A01,P_CSCF,20260608164500,5,2918,2880,38,1806,1785,21,46,11,2,6253,162.15,54.48,54.25,28659,27653,4,98.7
IMS-CSCF-A01,P_CSCF,20260608165000,5,3128,3044,84,1936,1888,48,107,22,3,6703,153.01,53.75,55.03,31361,30262,8,97.31
IMS-CSCF-A01,P_CSCF,20260608165500,5,2873,2794,79,1778,1751,27,82,21,3,6157,143.47,56.82,53.18,28132,27758,5,97.25
IMS-CSCF-A01,P_CSCF,20260608170000,5,3089,3041,48,1912,1897,15,50,11,2,6620,154.22,54.07,54.22,31782,28681,3,98.45
IMS-CSCF-A01,P_CSCF,20260608170500,5,3147,3089,58,1948,1901,47,84,17,4,6745,150.38,53.77,55.88,32301,30362,8,98.16
IMS-CSCF-A01,P_CSCF,20260608171000,5,3079,3047,32,1906,1867,39,56,12,3,6598,151.77,55.93,54.63,30668,28696,7,98.96
IMS-CSCF-A01,P_CSCF,20260608171500,5,3235,3172,63,2003,1988,15,60,15,3,6933,144.85,59.94,56.93,33027,30073,3,98.05
IMS-CSCF-A01,P_CSCF,20260608172000,5,3192,3168,24,1976,1956,20,33,9,2,6841,151.92,60.37,55.62,32534,29925,4,99.25
IMS-CSCF-A01,P_CSCF,20260608172500,5,3221,3128,93,1994,1959,35,103,21,4,6903,154.53,58.14,56.56,32698,30253,6,97.11
IMS-CSCF-A01,P_CSCF,20260608173000,5,3312,3249,63,2050,1999,51,89,22,3,7097,169.76,57.94,57.53,32723,30488,10,98.1
IMS-CSCF-A01,P_CSCF,20260608173500,5,3119,3044,75,1931,1889,42,90,21,6,6684,145.5,54.81,53.33,30309,29269,8,97.6
IMS-CSCF-A01,P_CSCF,20260608174000,5,3355,3259,96,2077,2044,33,98,25,6,7190,154.9,56.22,57.49,33632,30536,6,97.14
IMS-CSCF-A01,P_CSCF,20260608174500,5,3331,3288,43,2062,2014,48,69,17,5,7138,150.56,61.31,56.93,33679,31251,9,98.71
IMS-CSCF-A01,P_CSCF,20260608175000,5,3336,3311,25,2065,2011,54,62,14,3,7150,157.08,61.21,56.85,33339,30567,10,99.25
IMS-CSCF-A01,P_CSCF,20260608175500,5,3305,3274,31,2046,1996,50,62,15,4,7082,152.38,57.4,57.04,34164,30037,9,99.06
IMS-CSCF-A01,P_CSCF,20260608180000,5,3444,3343,101,2132,2101,31,102,26,4,7380,165.88,62.14,57.19,34026,32430,6,97.07
IMS-CSCF-A01,P_CSCF,20260608180500,5,3387,3315,72,2096,2042,54,97,22,7,7257,141.71,60.99,54.91,33057,32625,9,97.87
IMS-CSCF-A01,P_CSCF,20260608181000,5,3644,3542,102,2255,2189,66,128,32,8,7809,150.56,66.85,56.88,37154,33179,13,97.2
IMS-CSCF-A01,P_CSCF,20260608181500,5,3384,3285,99,2094,2047,47,112,27,7,7251,157.86,57.32,56.11,34537,30987,9,97.07
IMS-CSCF-A01,P_CSCF,20260608182000,5,3562,3462,100,2205,2172,33,107,22,4,7633,153.54,61.7,53.63,35800,33201,5,97.19
IMS-CSCF-A01,P_CSCF,20260608182500,5,3670,3622,48,2272,2224,48,77,16,3,7865,166.73,60.94,55.84,37171,34336,8,98.69
IMS-CSCF-A01,P_CSCF,20260608183000,5,3810,3715,95,2359,2292,67,130,29,3,8165,161.31,66.35,58.12,39278,36963,12,97.51
IMS-CSCF-A01,P_CSCF,20260608183500,5,3510,3463,47,2173,2156,17,51,11,2,7522,148.86,59.33,57.58,34732,33218,3,98.66
IMS-CSCF-A01,P_CSCF,20260608184000,5,3631,3565,66,2247,2189,58,96,23,5,7780,154.14,60.57,55.18,36362,33407,11,98.18
IMS-CSCF-A01,P_CSCF,20260608184500,5,3721,3660,61,2304,2276,28,67,17,5,7975,145.36,63.32,55.27,37241,35851,5,98.36
IMS-CSCF-A01,P_CSCF,20260608185000,5,3577,3541,36,2214,2186,28,50,11,3,7667,149.37,57.72,56.56,34969,34061,5,98.99
IMS-CSCF-A01,P_CSCF,20260608185500,5,3772,3665,107,2335,2302,33,111,25,4,8084,152.7,63.68,56.68,38700,34623,6,97.16
IMS-CSCF-A01,P_CSCF,20260608190000,5,3655,3564,91,2263,2200,63,122,26,6,7833,159.86,64.63,55.82,35593,33271,11,97.51
IMS-CSCF-A01,P_CSCF,20260608190500,5,3720,3659,61,2303,2278,25,69,14,3,7972,163.71,65.18,56.69,36672,33913,4,98.36
IMS-CSCF-A01,P_CSCF,20260608191000,5,3722,3686,36,2304,2250,54,71,17,2,7977,153.04,63.87,56.65,36713,34698,10,99.03
IMS-CSCF-A01,P_CSCF,20260608191500,5,3874,3775,99,2398,2380,18,92,22,3,8303,161.74,67.33,57.88,38869,36208,3,97.44
IMS-CSCF-A01,P_CSCF,20260608192000,5,3864,3770,94,2392,2364,28,97,21,4,8281,171.15,66.06,61.6,38861,35906,5,97.57
IMS-CSCF-A01,P_CSCF,20260608192500,5,3852,3823,29,2385,2317,68,76,17,4,8256,163.5,65.53,57.35,37576,35963,12,99.25
IMS-CSCF-A01,P_CSCF,20260608193000,5,3948,3920,28,2444,2384,60,68,16,4,8460,163.33,67.39,57.16,40687,37420,11,99.29
IMS-CSCF-A01,P_CSCF,20260608193500,5,3767,3657,110,2332,2294,38,114,28,6,8072,151.62,65.89,55.53,38795,34184,7,97.08
IMS-CSCF-A01,P_CSCF,20260608194000,5,3867,3752,115,2394,2340,54,133,31,5,8288,160.08,66.29,59.54,38886,35997,10,97.03
IMS-CSCF-A01,P_CSCF,20260608194500,5,3943,3853,90,2441,2380,61,113,29,9,8449,162.62,68.41,59.16,40047,37649,12,97.72
IMS-CSCF-A01,P_CSCF,20260608195000,5,3945,3855,90,2442,2404,38,100,21,7,8453,159.51,68.78,56.27,39779,37439,6,97.72
IMS-CSCF-A01,P_CSCF,20260608195500,5,3868,3802,66,2394,2368,26,73,16,3,8290,159.67,65.89,58.73,38256,36685,5,98.29
IMS-CSCF-A01,P_CSCF,20260608200000,5,3813,3753,60,2360,2306,54,91,19,4,8171,144.92,66.54,58.99,37135,35303,9,98.43
IMS-CSCF-A01,P_CSCF,20260608200500,5,3808,3786,22,2357,2297,60,64,16,2,8161,155.58,68.53,58.63,38933,35502,12,99.42
IMS-CSCF-A01,P_CSCF,20260608201000,5,3784,3688,96,2343,2324,19,89,20,6,8110,148.43,66.11,58.78,38498,34330,3,97.46
IMS-CSCF-A01,P_CSCF,20260608201500,5,3939,3893,46,2438,2418,20,50,13,3,8442,154.33,65.48,58.59,38284,37108,4,98.83
IMS-CSCF-A01,P_CSCF,20260608202000,5,3949,3886,63,2444,2392,52,91,21,3,8463,154.09,66.98,56.63,40535,36993,9,98.4
IMS-CSCF-A01,P_CSCF,20260608202500,5,3728,3697,31,2308,2275,33,51,12,1,7989,152.75,62.32,56.02,37745,34390,6,99.17
IMS-CSCF-A01,P_CSCF,20260608203000,5,3637,3582,55,2251,2236,15,52,14,4,7794,150.16,62.17,56.91,35365,33299,3,98.49
IMS-CSCF-A01,P_CSCF,20260608203500,5,3702,3652,50,2292,2241,51,78,18,5,7934,159.16,62.97,58.92,37413,35191,9,98.65
IMS-CSCF-A01,P_CSCF,20260608204000,5,3766,3739,27,2331,2276,55,62,15,5,8070,151.0,62.95,59.74,36824,36351,10,99.28
IMS-CSCF-A01,P_CSCF,20260608204500,5,3748,3695,53,2320,2295,25,61,15,2,8031,159.56,65.43,59.77,37025,35274,5,98.59
IMS-CSCF-A01,P_CSCF,20260608205000,5,3656,3627,29,2263,2198,65,74,17,3,7835,148.94,66.35,55.26,36220,33174,12,99.21
IMS-CSCF-A01,P_CSCF,20260608205500,5,3475,3391,84,2151,2136,15,77,19,3,7446,156.19,59.57,57.53,35749,33255,3,97.58
IMS-CSCF-A01,P_CSCF,20260608210000,5,3482,3437,45,2155,2124,31,59,13,4,7462,151.5,60.19,57.91,35922,32757,5,98.71
IMS-CSCF-A01,P_CSCF,20260608210500,5,3553,3487,66,2199,2178,21,68,15,4,7613,158.19,59.69,58.04,36007,33116,4,98.14
IMS-CSCF-A01,P_CSCF,20260608211000,5,3725,3632,93,2306,2257,49,109,26,7,7982,155.69,62.11,57.71,38280,35728,9,97.5
IMS-CSCF-A01,P_CSCF,20260608211500,5,3618,3541,77,2240,2195,45,94,23,5,7754,156.07,60.97,57.69,37337,34263,8,97.87
IMS-CSCF-A01,P_CSCF,20260608212000,5,3435,3405,30,2126,2084,42,55,13,4,7362,147.55,63.7,56.09,33611,31725,8,99.13
IMS-CSCF-A01,P_CSCF,20260608212500,5,3384,3322,62,2095,2050,45,84,18,5,7252,147.98,58.71,58.39,34874,30795,8,98.17
IMS-CSCF-A01,P_CSCF,20260608213000,5,3277,3186,91,2029,2008,21,86,20,6,7023,160.87,59.3,52.9,31922,31548,4,97.22
IMS-CSCF-A01,P_CSCF,20260608213500,5,3327,3251,76,2059,2006,53,102,22,5,7130,154.21,62.08,54.22,34203,30349,9,97.72
IMS-CSCF-A01,P_CSCF,20260608214000,5,3193,3100,93,1977,1955,22,90,20,5,6843,148.95,55.27,52.54,32586,30089,4,97.09
IMS-CSCF-A01,P_CSCF,20260608214500,5,3241,3204,37,2006,1988,18,42,10,3,6946,154.95,58.03,55.21,31736,29839,3,98.86
IMS-CSCF-A01,P_CSCF,20260608215000,5,3227,3150,77,1997,1977,20,76,16,5,6915,141.57,59.16,57.52,32808,29262,3,97.61
IMS-CSCF-A01,P_CSCF,20260608215500,5,3172,3113,59,1964,1951,13,55,14,3,6798,152.7,60.21,53.17,31079,28960,3,98.14
IMS-CSCF-A01,P_CSCF,20260608220000,5,3001,2924,77,1858,1821,37,90,19,5,6432,155.69,55.14,54.81,29970,28600,6,97.43
IMS-CSCF-A01,P_CSCF,20260608220500,5,3059,3032,27,1894,1854,40,54,11,2,6556,146.15,57.55,52.76,30220,29063,7,99.12
IMS-CSCF-A01,P_CSCF,20260608221000,5,3053,3036,17,1890,1878,12,23,5,1,6542,134.51,52.63,50.76,31579,28978,2,99.44
IMS-CSCF-A01,P_CSCF,20260608221500,5,2946,2903,43,1824,1811,13,44,10,2,6314,145.64,53.73,51.23,29826,27331,2,98.54
IMS-CSCF-A01,P_CSCF,20260608222000,5,2764,2725,39,1711,1693,18,45,11,1,5923,140.2,47.2,53.82,27380,25632,3,98.59
IMS-CSCF-A01,P_CSCF,20260608222500,5,2812,2737,75,1741,1709,32,85,19,3,6027,148.16,51.66,54.48,28762,26835,6,97.33
IMS-CSCF-A01,P_CSCF,20260608223000,5,2823,2751,72,1747,1736,11,65,15,3,6049,147.09,53.14,50.32,28843,26734,2,97.45
IMS-CSCF-A01,P_CSCF,20260608223500,5,2690,2630,60,1665,1637,28,69,15,4,5765,139.25,50.18,50.82,27464,25769,5,97.77
IMS-CSCF-A01,P_CSCF,20260608224000,5,2669,2656,13,1652,1620,32,35,8,2,5720,147.58,51.89,53.31,26838,24543,6,99.51
IMS-CSCF-A01,P_CSCF,20260608224500,5,2704,2668,36,1674,1633,41,59,15,3,5796,152.42,53.28,51.95,27480,24530,8,98.67
IMS-CSCF-A01,P_CSCF,20260608225000,5,2707,2668,39,1676,1628,48,66,16,5,5801,136.0,52.54,49.41,27667,26269,9,98.56
IMS-CSCF-A01,P_CSCF,20260608225500,5,2714,2643,71,1680,1656,24,76,16,3,5815,152.6,53.99,49.44,27297,24744,4,97.38
IMS-CSCF-A01,P_CSCF,20260608230000,5,2567,2514,53,1589,1569,20,58,13,2,5502,144.08,49.37,,26390,23350,4,97.94
IMS-CSCF-A01,P_CSCF,20260608230500,5,2468,2448,20,1527,1502,25,35,7,3,5288,143.1,49.83,47.54,25526,23657,4,99.19
IMS-CSCF-A01,P_CSCF,20260608231000,5,2530,2470,60,1566,1552,14,58,13,3,5423,150.53,48.48,50.59,25630,24305,2,97.63
IMS-CSCF-A01,P_CSCF,20260608231500,5,2381,2314,67,1474,1433,41,85,19,4,5103,145.98,47.49,50.33,24663,21799,7,97.19
IMS-CSCF-A01,P_CSCF,20260608232000,5,2280,2259,21,1411,1391,20,31,8,2,4887,139.52,46.54,50.32,23351,21157,4,99.08
IMS-CSCF-A01,P_CSCF,20260608232500,5,2367,2305,62,1465,1457,8,55,13,2,5072,141.95,42.93,48.45,23556,22655,1,97.38
IMS-CSCF-A01,P_CSCF,20260608233000,5,2271,2225,46,1405,1387,18,50,12,2,4866,141.45,49.0,48.53,23437,21751,3,97.97
IMS-CSCF-A01,P_CSCF,20260608233500,5,2261,2201,60,1400,1369,31,71,17,3,4846,144.4,42.32,52.19,22637,20571,6,97.35
IMS-CSCF-A01,P_CSCF,20260608234000,5,2200,2163,37,1362,1334,28,53,11,1,4715,137.89,43.77,49.67,21728,21086,5,98.32
IMS-CSCF-A01,P_CSCF,20260608234500,5,2098,2051,47,1299,1290,9,46,9,1,4497,129.64,43.24,49.56,21651,20204,1,97.76
IMS-CSCF-A01,P_CSCF,20260608235000,5,2061,2014,47,1276,1258,18,50,12,3,4417,147.64,46.54,50.32,20131,18847,3,97.72
IMS-CSCF-A01,P_CSCF,20260608235500,5,1962,1951,11,1214,1191,23,26,6,2,4204,128.58,40.95,48.49,19322,18360,4,99.44
